actor/clip_fraction,actor/entropy,actor/iterations,actor/kl,actor/loss,actor/std,actor/stop,critic/iterations,critic/loss,critic/v,test/action/max,test/action/mean,test/action/min,test/action/size,test/action/std,test/episode_length/max,test/episode_length/mean,test/episode_length/min,test/episode_length/size,test/episode_length/std,test/episode_score/max,test/episode_score/mean,test/episode_score/min,test/episode_score/size,test/episode_score/std,train/action/max,train/action/mean,train/action/min,train/action/size,train/action/std,train/episode_length/max,train/episode_length/mean,train/episode_length/min,train/episode_length/size,train/episode_length/std,train/episode_score/max,train/episode_score/mean,train/episode_score/min,train/episode_score/size,train/episode_score/std,train/episodes,train/epoch_seconds,train/epoch_steps,train/epochs,train/seconds,train/steps,train/steps_per_second,train/worker_steps
0.006351471,-0.88364685,80.0,0.00060729415,-0.0008964782,0.10000001,0.0,80.0,26.585773,6.927369,1.4171689,0.78065825,-1.3314762,5000,0.48813576,1000,1000.0,1000,5,0.0,353.90408694333746,327.93827549825073,303.4998397565796,5,17.278304394208646,1.4796314,0.7911692,-1.4601101,20000,0.4744143,1000,1000.0,1000,20,0.0,341.62737548269797,308.19606795141806,261.4238329632208,20,21.795481228374058,20.0,93.6045274734497,20000.0,1.0,93.6045274734497,20000.0,213.6648786104162,20000.0
0.003873291,-0.88364685,80.0,0.0009842064,-0.0005032604,0.10000002,0.0,80.0,3.2293987,19.85299,1.4359846,0.77081734,-1.3772972,5000,0.5069128,1000,1000.0,1000,5,0.0,330.0703628407791,321.5780226397634,304.8747068499215,5,8.718689107691711,1.4304309,0.7927826,-1.3570638,20000,0.47318852,1000,1000.0,1000,20,0.0,350.4351982815715,315.31944933019446,273.6735441258643,20,21.19023158948759,40.0,99.02331161499023,20000.0,2.0,192.71428275108337,40000.0,201.97264334848182,40000.0
